imf,energy,energy_pct,mean,std,min,max
imf_0,342.3341,0.00,0.000088,0.408846,-1.837609,1.588172
imf_1,317.0023,0.00,0.002778,0.393419,-1.121269,1.057107
imf_2,510.2545,0.00,0.002756,0.499139,-1.211467,1.156634
imf_3,1966.7122,0.01,-0.000631,0.979953,-1.650111,1.780136
imf_4,20983.3181,0.08,0.015667,3.200862,-5.615645,5.645411
imf_5,2866.7555,0.01,0.023495,1.182891,-2.471008,2.471278
residue,24791034.0044,99.89,109.933473,4.430407,103.518467,116.329967
